<?xml version="1.0" encoding="UTF-8" ?>
<!DOCTYPE mapper PUBLIC "-//mybatis.org//DTD Mapper 3.0//EN" "http://mybatis.org/dtd/mybatis-3-mapper.dtd" >
<mapper namespace="com.timmy.mapper.DeviceMapper" >
  <resultMap id="BaseResultMap" type="com.timmy.entity.Device" >
    <id column="id" property="id" jdbcType="INTEGER" />
    <result column="serial_num" property="serialNum" jdbcType="VARCHAR" />
    <result column="status" property="status" jdbcType="INTEGER" />
  </resultMap>
 

  <sql id="Base_Column_List" >
    id, serial_num, status
  </sql>
  
  <select id="findAllDevice" resultMap="BaseResultMap" >
  select  id, serial_num, status from device
  </select>
  <select id="selectByPrimaryKey" resultMap="BaseResultMap" parameterType="java.lang.Integer" >
    select 
    <include refid="Base_Column_List" />
    from device
    where id = #{id,jdbcType=INTEGER}
  </select>
  
  <select id="selectDeviceBySerialNum" resultMap="BaseResultMap" parameterType="java.lang.String">
   select * from device where serial_num= #{serialNum,jdbcType=VARCHAR}
  
  </select>
  
  
  <delete id="deleteByPrimaryKey" parameterType="java.lang.Integer" >
    delete from device
    where id = #{id,jdbcType=INTEGER}
  </delete>
  
  <insert id="insert" parameterType="com.timmy.entity.Device" >
    insert into device (serial_num, status)
    values ( #{serialNum,jdbcType=VARCHAR}, #{status,jdbcType=INTEGER})
  </insert>
  <insert id="insertSelective" parameterType="com.timmy.entity.Device" >
    insert into device
    <trim prefix="(" suffix=")" suffixOverrides="," >
      <if test="id != null" >
        id,
      </if>
      <if test="serialNum != null" >
        serial_num,
      </if>
      <if test="status != null" >
        status,
      </if>
    </trim>
    <trim prefix="values (" suffix=")" suffixOverrides="," >
      <if test="id != null" >
        #{id,jdbcType=INTEGER},
      </if>
      <if test="serialNum != null" >
        #{serialNum,jdbcType=VARCHAR},
      </if>
      <if test="status != null" >
        #{status,jdbcType=INTEGER},
      </if>
    </trim>
  </insert>

 
 
  <update id="updateByPrimaryKeySelective" parameterType="com.timmy.entity.Device" >
    update device
    <set >
      <if test="serialNum != null" >
        serial_num = #{serialNum,jdbcType=VARCHAR},
      </if>
      <if test="status != null" >
        status = #{status,jdbcType=INTEGER},
      </if>
    </set>
    where id = #{id,jdbcType=INTEGER}
  </update>
  <update id="updateByPrimaryKey" parameterType="com.timmy.entity.Device" >
    update device
    set serial_num = #{serialNum,jdbcType=VARCHAR},
      status = #{status,jdbcType=INTEGER}
    where id = #{id,jdbcType=INTEGER}
  </update>
  
  <update id="updateStatusByPrimaryKey" parameterType="com.timmy.entity.Device" >
    update device
    set status = #{status,jdbcType=INTEGER}
    where id = #{id,jdbcType=INTEGER}
  </update>
  
</mapper>