<?xml version="1.0" encoding="UTF-8" ?>
<!DOCTYPE mapper PUBLIC "-//mybatis.org//DTD Mapper 3.0//EN" "http://mybatis.org/dtd/mybatis-3-mapper.dtd" >
<mapper namespace="com.timmy.mapper.PersonMapper" >
  <resultMap id="BaseResultMap" type="com.timmy.entity.Person" >
    <id column="id" property="id" jdbcType="BIGINT" />
    <result column="name" property="name" jdbcType="VARCHAR" />
    <result column="roll_id" property="rollId" jdbcType="INTEGER" />
  </resultMap>
  
 
  <sql id="Base_Column_List" >
    id, name, roll_id
  </sql>
  
  <select id="selectByPrimaryKey" resultMap="BaseResultMap" parameterType="java.lang.Long" >
    select 
    <include refid="Base_Column_List" />
    from person
    where id = #{id,jdbcType=BIGINT}
  </select>
  
  
  <delete id="deleteByPrimaryKey" parameterType="java.lang.Long" >
    delete from person
    where id = #{id,jdbcType=BIGINT}
  </delete>
 
  
 
  <insert id="insert" parameterType="com.timmy.entity.Person" >
    insert into person (id, name, roll_id
      )
    values (#{id,jdbcType=BIGINT}, #{name,jdbcType=VARCHAR}, #{rollId,jdbcType=INTEGER}
      )
  </insert>
  
  <select id="selectAll" resultMap="BaseResultMap">
  Select * from person
  
  </select>
  <insert id="insertSelective" parameterType="com.timmy.entity.Person" >
    insert into person
    <trim prefix="(" suffix=")" suffixOverrides="," >
      <if test="id != null" >
        id,
      </if>
      <if test="name != null" >
        name,
      </if>
      <if test="rollId != null" >
        roll_id,
      </if>
    </trim>
    <trim prefix="values (" suffix=")" suffixOverrides="," >
      <if test="id != null" >
        #{id,jdbcType=BIGINT},
      </if>
      <if test="name != null" >
        #{name,jdbcType=VARCHAR},
      </if>
      <if test="rollId != null" >
        #{rollId,jdbcType=INTEGER},
      </if>
    </trim>
  </insert>
 
  
  
  <update id="updateByPrimaryKeySelective" parameterType="com.timmy.entity.Person" >
    update person
    <set >
      
      <if test="name != null" >
        name = #{name,jdbcType=VARCHAR},
      </if>
      <if test="rollId != null" >
        roll_id = #{rollId,jdbcType=INTEGER},
      </if>
    </set>
    where id = #{id,jdbcType=BIGINT}
  </update>
  <update id="updateByPrimaryKey" parameterType="com.timmy.entity.Person" >
    update person
    set name = #{name,jdbcType=VARCHAR},
      roll_id = #{rollId,jdbcType=INTEGER}
    where id = #{id,jdbcType=BIGINT}
  </update>
</mapper>